"","Demographic","3 Tasks Baselines","Demographic + 3 Baselines","14 Tasks Baselines","Demographic + 14 Baselines"
"Monocytes_day1",-0.0278359405978873,0.839566488181844,0.789192498890934,0.675011456498203,0.63074340530316
"CCL3_day3",0.133993218416303,0.432844932844933,0.472527472527473,0.55982905982906,0.426129426129426
"IgG_PT_day14",0.40111234705228,0.453601953601954,0.76007326007326,0.258852258852259,0.532967032967033
