"","Demographic","3 Tasks Baselines","Demographic + 3 Baselines","14 Tasks Baselines","Demographic + 14 Baselines"
"Monocytes_day1",0.886025713271789,4.39739742716824e-08,9.97590596075095e-07,0.000112287051332872,0.000420160171309693
"CCL3_day3",0.46469971492754,0.0250909846791255,0.0136746324327592,0.00280429307477018,0.0276378774658957
"IgG_PT_day14",0.0288666784367174,0.0184089662754231,8.14046885541102e-06,0.191646897316993,0.00475722877371705
