"","Demographic","3 Tasks Baselines","Demographic + 3 Baselines","14 Tasks Baselines","Demographic + 14 Baselines"
"Monocytes_day1",-0.603007518796992,0.623529411764706,0.511764705882353,0.317647058823529,NA
"CCL3_day3",0.144658944658945,0.541827541827542,0.54002574002574,0.396138996138996,0.675933075933076
"IgG_PT_day14",-0.637347679543687,0.413127413127413,0.254568854568855,0.424195624195624,0.375032175032175
