"","Demographic","3 Tasks Baselines","Demographic + 3 Baselines","14 Tasks Baselines","Demographic + 14 Baselines"
"Monocytes_day1",0.00577973160696398,0.0115885339320423,0.0450328392416127,0.230177315700709,NA
"CCL3_day3",0.398461498596162,0.000774433621491397,0.000811461206055694,0.017396877641645,1.06403073488061e-05
"IgG_PT_day14",2.21064294122937e-07,0.0128550421281113,0.133845332862895,0.0104753456183148,0.0248620854734878
