"","Demographic","3 Tasks Baselines","Demographic + 3 Baselines","14 Tasks Baselines","Demographic + 14 Baselines"
"Monocytes_day1",-1,0.617647058823529,0.591176470588235,0.764705882352941,0.770588235294118
"CCL3_day3",-0.128957528957529,0.55958815958816,0.568597168597169,0.477734877734878,0.557271557271557
"IgG_PT_day14",-1,0.409266409266409,0.411583011583012,0.327413127413127,0.308622908622909
