"","Demographic","3 Tasks Baselines","Demographic + 3 Baselines","14 Tasks Baselines","Demographic + 14 Baselines"
"Monocytes_day1",5.97635615343038e-06,0.0125816851657007,0.0179141697521811,0.000860499037796664,0.000738911833539772
"CCL3_day3",0.452030607452489,0.000482216350974545,0.00037556829010404,0.00355190507772156,0.000513676679645193
"IgG_PT_day14",0,0.0137869366366106,0.013221149420354,0.0517934315577213,0.0674440490002559
