"","Demographic","3 Tasks Baselines","Demographic + 3 Baselines","14 Tasks Baselines","Demographic + 14 Baselines"
"Monocytes_day1",-0.172927701767406,0.827354611990108,0.719279507693246,0.62799573316002,0.695161052214567
"CCL3_day3",0.00916506281917257,0.311965811965812,0.505494505494505,0.33028083028083,0.215506715506715
"IgG_PT_day14",0.386874304783092,0.463980463980464,0.747252747252747,0.584859584859585,0.748473748473748
