"","Demographic","3 Tasks Baselines","Demographic + 3 Baselines","14 Tasks Baselines","Demographic + 14 Baselines"
"Monocytes_day1",0.369683628394902,1.02569201525602e-07,2.36061906951988e-05,0.0004530186473878,5.71094464241041e-05
"CCL3_day3",0.960294792884635,0.113316869518025,0.00785322614934727,0.0928561511852088,0.279027162433637
"IgG_PT_day14",0.0355025124766019,0.0156680932030358,1.34213055780454e-05,0.00164932090812091,1.27977867991966e-05
