"","Demographic","3 Tasks Baselines","Demographic + 3 Baselines","14 Tasks Baselines","Demographic + 14 Baselines"
"Monocytes_day1",-0.253785192386843,0.803452048793677,0.761881609960479,0.779773911454019,0.742999203406621
"CCL3_day3",-0.999965657178498,0.408313750911595,0.467466169678308,0.313320825515947,0.310881801125704
"IgG_PT_day14",0.0481670228505671,0.454339194554736,0.576047321935013,0.399624765478424,0.417260787992495
