"","Demographic","3 Tasks Baselines","Demographic + 3 Baselines","14 Tasks Baselines","Demographic + 14 Baselines"
"Monocytes_day1",0.0887791122289852,1.51072889133746e-10,4.61860671717934e-09,3.03326879371803e-09,4.01034686987119e-08
"CCL3_day3",8.84344313653682e-131,0.00767392608144433,0.002008004753585,0.0494570205475375,0.0513283109538537
"IgG_PT_day14",0.674775276701309,0.00275614533836408,8.83931019746071e-05,0.0111201160221587,0.00782630679613753
