"","Demographic","3 Tasks Baselines","Demographic + 3 Baselines","14 Tasks Baselines","Demographic + 14 Baselines"
"Monocytes_day1",-0.138086280863704,0.791296949719642,0.782869414361645,0.611191895226532,0.554622637694437
"CCL3_day3",-0.37151851700718,0.42840936715015,0.312049266672069,0.473733583489681,0.430393996247655
"IgG_PT_day14",0.0345350851679965,0.417389190503201,0.577992058990357,0.29624765478424,0.462851782363977
