"","Demographic","3 Tasks Baselines","Demographic + 3 Baselines","14 Tasks Baselines","Demographic + 14 Baselines"
"Monocytes_day1",0.360103906632363,4.44432402525017e-10,9.01579615181303e-10,2.79966400337778e-05,0.000204218783281163
"CCL3_day3",0.00250652165122683,0.00498608174272907,0.0447000975637727,0.00225102684569771,0.00595762823603461
"IgG_PT_day14",0.763601458614196,0.00633477769072773,8.27991514506293e-05,0.0637952735218053,0.0029059895954653
